{
  "train_loss": [
    1.2404594484675326,
    0.52314704354327,
    0.3352247481300789,
    0.23562176679091296,
    0.2621058024902918,
    0.17708136490804458,
    0.10422375988179786,
    0.09240602420070304,
    0.06352027625999696,
    0.13762960786910552
  ],
  "train_acc": [
    0.5499207606973059,
    0.8288431061806656,
    0.8858954041204438,
    0.9144215530903328,
    0.9096671949286846,
    0.936608557844691,
    0.9667194928684627,
    0.9683042789223455,
    0.9746434231378764,
    0.9508716323296355
  ],
  "val_loss": [
    0.654456826934108,
    0.542076587235486,
    0.6403551437236644,
    0.6700588663419088,
    0.5515144802905895,
    0.5212703276563574,
    0.43921093896583274,
    0.4668562129691795,
    0.472976136483528,
    0.5201251374350654
  ],
  "val_acc": [
    0.7555555555555555,
    0.8074074074074075,
    0.762962962962963,
    0.7925925925925926,
    0.7925925925925926,
    0.8148148148148148,
    0.8740740740740741,
    0.8444444444444444,
    0.8518518518518519,
    0.8296296296296296
  ]
}