{
  "overall_accuracy": 0.8161764705882353,
  "macro_f1": 0.8073149222456572,
  "weighted_f1": 0.8070805374974629,
  "per_class_metrics": {
    "Center": {
      "precision": 0.9333333333333333,
      "recall": 0.9333333333333333,
      "f1": 0.9333333333333333
    },
    "Donut": {
      "precision": 0.7272727272727273,
      "recall": 1.0,
      "f1": 0.8421052631578947
    },
    "Edge Local": {
      "precision": 0.75,
      "recall": 0.8,
      "f1": 0.7741935483870968
    },
    "Edge Ring": {
      "precision": 1.0,
      "recall": 0.875,
      "f1": 0.9333333333333333
    },
    "Local": {
      "precision": 0.5,
      "recall": 0.26666666666666666,
      "f1": 0.34782608695652173
    },
    "Scratch": {
      "precision": 0.6190476190476191,
      "recall": 0.8666666666666667,
      "f1": 0.7222222222222222
    },
    "near full": {
      "precision": 1.0,
      "recall": 1.0,
      "f1": 1.0
    },
    "none": {
      "precision": 0.8666666666666667,
      "recall": 0.8666666666666667,
      "f1": 0.8666666666666667
    },
    "random": {
      "precision": 1.0,
      "recall": 0.7333333333333333,
      "f1": 0.8461538461538461
    }
  },
  "classification_report": {
    "Center": {
      "precision": 0.9333333333333333,
      "recall": 0.9333333333333333,
      "f1-score": 0.9333333333333333,
      "support": 15.0
    },
    "Donut": {
      "precision": 0.7272727272727273,
      "recall": 1.0,
      "f1-score": 0.8421052631578947,
      "support": 16.0
    },
    "Edge Local": {
      "precision": 0.75,
      "recall": 0.8,
      "f1-score": 0.7741935483870968,
      "support": 15.0
    },
    "Edge Ring": {
      "precision": 1.0,
      "recall": 0.875,
      "f1-score": 0.9333333333333333,
      "support": 16.0
    },
    "Local": {
      "precision": 0.5,
      "recall": 0.26666666666666666,
      "f1-score": 0.34782608695652173,
      "support": 15.0
    },
    "Scratch": {
      "precision": 0.6190476190476191,
      "recall": 0.8666666666666667,
      "f1-score": 0.7222222222222222,
      "support": 15.0
    },
    "near full": {
      "precision": 1.0,
      "recall": 1.0,
      "f1-score": 1.0,
      "support": 14.0
    },
    "none": {
      "precision": 0.8666666666666667,
      "recall": 0.8666666666666667,
      "f1-score": 0.8666666666666667,
      "support": 15.0
    },
    "random": {
      "precision": 1.0,
      "recall": 0.7333333333333333,
      "f1-score": 0.8461538461538461,
      "support": 15.0
    },
    "accuracy": 0.8161764705882353,
    "macro avg": {
      "precision": 0.8218133718133718,
      "recall": 0.8157407407407408,
      "f1-score": 0.8073149222456572,
      "support": 136.0
    },
    "weighted avg": {
      "precision": 0.8211182200152789,
      "recall": 0.8161764705882353,
      "f1-score": 0.8070805374974629,
      "support": 136.0
    }
  }
}